gen,nevals,avg,std,min,max
0,10,0.7032747626304626,0.1186553861506563,0.5087859630584717,0.8809903860092163
1,8,0.7639776349067688,0.11010737786405553,0.52555912733078,0.8905750513076782
2,8,0.8531948864459992,0.11159367237363903,0.5359424948692322,0.9536741375923157
3,4,0.8051916837692261,0.14782636242548733,0.5678913593292236,0.9536741375923157
4,4,0.8813897728919983,0.06375207493048159,0.7236421704292297,0.9536741375923157
5,6,0.8896166026592255,0.05103427033111018,0.7819488644599915,0.9536741375923157
